contract_preamble,meeting_date,kalshi_var_28d_mean,kalshi_entropy_28d_mean,kalshi_volume_28d_mean,kalshi_window_obs,kalshi_first_rel_day,kalshi_last_rel_day,kalshi_var_m28_snapshot,kalshi_entropy_m28_snapshot,kalshi_snapshot_rel_day,kalshi_var_28d_mean_z,kalshi_entropy_28d_mean_z
FED-22DEC,2022-12-14,0.007898727092877918,0.3880872777719238,6161.0,28,-30,-3,0.0075033840066638,0.389011876225354,-28,-0.05561432598641566,0.2573487595238486
FED-22JAN,2022-01-26,0.001515830457547411,0.15530093592340657,185.71428571428572,28,-30,-3,0.0012494793835901,0.1437261699393818,-28,-1.239426856091598,-1.1308294345651833
FED-22JUL,2022-07-27,0.015910176935205526,0.4489913917547696,15158.25,28,-30,-3,0.0258486047480216,0.4962172218020281,-28,1.4302400203241012,0.6205391524392393
FED-22JUN,2022-06-15,0.007008565999285954,0.3389574454955965,3947.5714285714284,28,-30,-3,0.0075489379425239,0.40934977242254256,-28,-0.22070925335425234,-0.03562788723161274
FED-22MAR,2022-03-16,0.012287012108050164,0.4558383456413586,12497.607142857143,28,-30,-3,0.0192628071636817,0.5871499667311437,-28,0.7582648707843654,0.6613696926067596
FED-22MAY,2022-05-04,0.008518353587790756,0.4067907317744896,8936.25,28,-30,-3,0.015625,0.4916813274524042,-28,0.059305537293649936,0.3688833400938918
FED-22NOV,2022-11-02,0.00870870396263456,0.34669476867153814,9225.285714285714,28,-30,-3,0.018377759266972,0.5648245664694876,-28,0.0946091262007646,0.010512205130212105
FED-22SEP,2022-09-21,0.014354602992800574,0.5857492822354933,25031.0,28,-30,-3,0.0219765201999167,0.6445773021104867,-28,1.1417334018194218,1.4360694792077031
FED-23DEC,2023-12-13,0.004738074165526228,0.40079778964526946,5796.678571428572,28,-30,-3,0.0046855476884631,0.4079059801389765,-28,-0.6418090824551319,0.33314554071889857
FED-23FEB,2023-02-01,0.007687923930505102,0.39356975403996763,6384.785714285715,28,-30,-3,0.0167963869221157,0.6705125812181905,-28,-0.09471121870772722,0.2900424903693704
FED-23JUL,2023-07-26,0.005257528485154932,0.3874950413628073,9969.5,28,-30,-3,0.0105229591836734,0.74959525725948,-28,-0.5454677867195978,0.2538170674909196
FED-23JUN,2023-06-14,0.01208573808532155,0.6345396404526749,15656.214285714286,28,-30,-3,0.0098136193252811,0.4699811754242593,-28,0.720935312794669,1.7270217353454722
FED-23MAR,2023-03-22,0.01281227687868145,0.5600427515690086,27363.39285714286,28,-30,-3,0.011512130362349,0.4004454955729663,-28,0.8556838096489366,1.2827733492306415
FED-23MAY,2023-05-03,0.010732832673885839,0.402155092943327,25119.89285714286,28,-30,-3,0.0220025510204081,0.5225924539564187,-28,0.47001688663065644,0.34123956731069377
FED-23NOV,2023-11-01,0.004725523591360721,0.3189943606645049,7535.071428571428,28,-30,-3,0.0121563931695127,0.5453041565162786,-28,-0.6441367916138393,-0.15467404272858915
FED-23SEP,2023-09-20,0.0043055441928957555,0.20572318868130776,6704.0,28,-30,-3,0.0079914618908788,0.35078535213387846,-28,-0.7220288369803424,-0.8301456778656068
FED-24DEC,2024-12-18,0.022901079163443756,0.47036135250488254,2475.1785714285716,28,-30,-3,0.0449552269887546,0.6358953452219914,-28,2.726817127451284,0.7479749516630168
FED-24JAN,2024-01-31,0.001619024067352818,0.1507903177372786,6059.428571428572,28,-30,-3,0.0025510204081632,0.18097519948921972,-28,-1.22028791411998,-1.1577276699088996
FED-24JUL,2024-07-31,0.003031428497054734,0.20037358598919291,14295.75,28,-30,-3,0.003722407330279,0.23475881680080446,-28,-0.9583344223146699,-0.8620470417740886
FED-24JUN,2024-06-12,0.002104312935086511,0.13872412167567913,15732.67857142857,28,-30,-3,0.0044577780091628,0.15362353400812498,-28,-1.130283159983153,-1.2296821932082744
FED-24MAR,2024-03-20,0.0013410520913904606,0.09145671826963628,8545.535714285714,28,-30,-3,0.0018546959600166,0.19745300438456015,-28,-1.271842361412905,-1.5115525906655995
FED-24MAY,2024-05-01,0.002621907910394461,0.19409263064778912,11870.82142857143,28,-30,-3,0.0024468971261974,0.2460225782203315,-28,-1.0342867100488975,-0.8995023545460795
FED-24NOV,2024-11-07,0.01254917965728561,0.4387575253186594,1283.0,28,-30,-3,0.013640149937526,0.607131171912378,-28,0.8068881287663299,0.5595113871716685
FED-24SEP,2024-09-18,0.015230819003986398,0.5244369287876972,20108.178571428572,28,-30,-3,0.0194515306122449,0.45386499877003766,-28,1.3042419856775798,1.0704446259253064
FED-25DEC,2025-12-10,0.015378869295531575,0.42359719459633033,25344.714285714286,28,-30,-3,0.0191326530612244,0.47651330588400354,-28,1.331700332605335,0.46910556543488385
FED-25JAN,2025-01-29,0.009569812801213717,0.4917861838223461,2369.0,28,-30,-3,0.0112453144523115,0.5405264824305848,-28,0.25431583792343415,0.8757379613429086
FED-25JUL,2025-07-30,0.004914944294044093,0.21897867571408658,25706.35714285714,28,-30,-3,0.0147074135776759,0.4626961782966826,-28,-0.6090056256073741,-0.7510990383385006
FED-25JUN,2025-06-18,0.003401438016897666,0.20664842074006962,33700.96428571428,28,-30,-3,0.0066964285714285,0.24727046453720777,-28,-0.8897101078578551,-0.8246282280090292
FED-25MAR,2025-03-19,0.0029240513625274534,0.15812901498993664,3450.9285714285716,28,-30,-3,0.003722407330279,0.14231510287642796,-28,-0.9782492673391973,-1.113964709340576
FED-25MAY,2025-05-07,0.014567962753614504,0.4039633418361538,123898.75,28,-30,-3,0.0227053831736776,0.4079294916856819,-28,1.1813044575175058,0.3520227243575158
FED-25OCT,2025-10-29,0.007691410201106639,0.31937338653185016,16164.857142857143,28,-30,-3,0.0092474489795918,0.4703616343413994,-28,-0.09406463283030708,-0.15241379223508383
FED-25SEP,2025-09-17,0.014624672755399496,0.4211907374304015,57156.0,28,-30,-3,0.0182541128696376,0.5430107346272086,-28,1.1918222544568706,0.45475510425135973
KXFED-26APR,2026-04-29,0.0009247913815671915,0.07259102070383053,147212.6257142857,28,-30,-3,0.0012755102040816,0.10355723440144911,-28,-1.3490447151768161,-1.6240546806472027
KXFED-26JAN,2026-01-28,0.009555170464687289,0.22939862989948998,27664.35714285714,28,-30,-3,0.0271045918367346,0.3965969509029632,-28,0.25160017723827477,-0.6889615732762397
KXFED-26JUL,2026-07-29,0.008370070878205453,0.46984506829793987,96390.24321428571,28,-30,-3,0.013204133694294,0.42306908992894604,-28,0.03180408464072907,0.7448961865072125
KXFED-26JUN,2026-06-17,0.0019904280954363964,0.11262239099351432,77663.93071428571,28,-30,-3,0.0025249895876718,0.17611518943091178,-28,-1.1514049653121914,-1.385335025213962
KXFED-26MAR,2026-03-18,0.0032308431754625626,0.141720688709919,27766.39285714286,28,-30,-3,0.0062734277384423,0.23485843094494413,-28,-0.9213497101262577,-1.2118127212236822
KXFED-26SEP,2026-09-16,0.01445570484024509,0.7988486033152283,58100.02678571428,28,-30,-3,0.0127551020408163,0.8631205685666311,-28,1.1604843922645938,2.7068477746566963
